﻿<?xml
  version="1.0"
  encoding="utf-8"?>

<root>
  <game>CryoFall</game>
  <id>Skeleton</id>
  <title>Skeleton MOB MOD</title>
  <author>ninekorn</author>
  <description>Skeleton MOB for CryoFall.</description>
  <version>0.1.0</version>
  <updated>02.06.2023</updated>
  <!-- Mod type: 1 - server, 2 - client-server, 3 - client -->
  <!-- Please note: mods of type 1 and 2 are ignored
                    when you're connecting to the server which is missing them -->
  <modtype>2</modtype>  
</root>