﻿<?xml
  version="1.0"
  encoding="utf-8"?>

<root>
  <game>CryoFall</game>
  <id>sccspathfind</id>
  <title>homemade c# pathfind that works in cryofall</title>
  <author>ninekorn</author>
  <description>homemade c# pathfind that works in cryofall.</description>
  <version>1.1231</version>
  <updated>01.06.2023</updated>
  <!-- Mod type: 1 - server, 2 - client-server, 3 - client -->
  <!-- Please note: mods of type 1 and 2 are ignored
                    when you're connecting to the server which is missing them -->
  <modtype>2</modtype>  
</root>