<?xml version="1.0" encoding="utf-8"?>

<root>
<game>CryoFall</game>
<id>Zones</id>
<title>automatic zones mpk setup</title>
<author>ninekorn</author>
<description>the zones.mpk scripts were modified to add the spawnrate of the mob variants using sccsr16-mobvariantcreator</description>
<version>0.0.1</version>
<updated>ninekorn</updated>
<!-- Mod type: 1 - server, 2 - client-server, 3 - client -->
<!-- Please note: mods of type 1 and 2 are ignored
                    when you're connecting to the server which is missing them -->
<modtype>2</modtype>
</root>

