{
"skeleton": { "hash": "CZUpyP23IJMGEz/HqOIB49MziHw", "spine": "3.6.52", "width": 40.62, "height": 68.04 },
"bones": [
	{ "name": "root", "rotation": 0.05, "scaleX": 0.068, "scaleY": 0.068 },
	{ "name": "Pelvis", "parent": "root", "length": 71.03, "rotation": 109.3, "x": -36.27, "y": 299.86 },
	{ "name": "HipLeft", "parent": "Pelvis", "length": 180.4, "rotation": 152.41, "x": 31.7, "y": -95.88 },
	{ "name": "CalfLeft", "parent": "HipLeft", "length": 168.1, "rotation": 21.33, "x": 197.77, "y": 8.58 },
	{ "name": "HipRight", "parent": "Pelvis", "length": 169.8, "rotation": 140.96, "x": 69.02, "y": 24.41 },
	{ "name": "CalfRight", "parent": "HipRight", "length": 161.59, "rotation": 40.85, "x": 201.55, "y": 5.57 },
	{ "name": "FootLeft", "parent": "CalfLeft", "length": 73.69, "rotation": -70.49, "x": 151.87, "y": -7.82 },
	{ "name": "FootRight", "parent": "CalfRight", "length": 71.66, "rotation": -83.25, "x": 159.36, "y": 5.45 },
	{ "name": "Torso", "parent": "Pelvis", "length": 344.96, "rotation": -11.38, "x": 72.62, "y": 2.08 },
	{ "name": "ShoulderLeft", "parent": "Torso", "length": 179.03, "rotation": -99.12, "x": 344.17, "y": -1.25 },
	{ "name": "UpperArmLeft", "parent": "ShoulderLeft", "length": 198.05, "rotation": -63.25, "x": 131.68, "y": -34.19 },
	{ "name": "LowerArmLeft", "parent": "UpperArmLeft", "length": 128.19, "rotation": -38.45, "x": 205.19, "y": -11.82 },
	{ "name": "HandLeft", "parent": "LowerArmLeft", "length": 84.4, "rotation": -25.23, "x": 126.6, "y": 10.2 },
	{ "name": "ShoulderRight", "parent": "Torso", "length": 139.53, "rotation": 84.39, "x": 343.95, "y": -2.83 },
	{ "name": "UpperArmRight", "parent": "ShoulderRight", "length": 190.36, "rotation": 85.87, "x": 79.54, "y": 15.38 },
	{ "name": "LowerArmRight", "parent": "UpperArmRight", "length": 187.45, "rotation": -30.05, "x": 198.58, "y": -0.1 },
	{ "name": "HandRight", "parent": "LowerArmRight", "length": 88.65, "rotation": 40.2, "x": 182.53, "y": -1.94 },
	{ "name": "Neck", "parent": "Torso", "length": 139.47, "rotation": -9.48, "x": 345.92, "y": -2.3 },
	{ "name": "Head", "parent": "Neck", "length": 194.09, "rotation": 2.68, "x": -16.55, "y": 21.31 },
	{ "name": "Weapon", "parent": "HandLeft", "length": 601.68, "rotation": -38.72, "x": 42.74, "y": 10.41 }
],
"slots": [
	{ "name": "HandRight", "bone": "HandRight", "attachment": "HandRight" },
	{ "name": "LowerArmRight", "bone": "LowerArmRight", "attachment": "LowerArmRight" },
	{ "name": "UpperArmRight", "bone": "UpperArmRight", "attachment": "UpperArmRight" },
	{ "name": "FootRight", "bone": "FootRight", "attachment": "FootRight" },
	{ "name": "CalfRight", "bone": "CalfRight", "attachment": "CalfRight" },
	{ "name": "HipRight", "bone": "HipRight", "attachment": "HipRight" },
	{ "name": "Pelvis", "bone": "Pelvis", "attachment": "Pelvis" },
	{ "name": "FootLeft", "bone": "FootLeft", "attachment": "FootLeft" },
	{ "name": "CalfLeft", "bone": "CalfLeft", "attachment": "CalfLeft" },
	{ "name": "HipLeft", "bone": "HipLeft", "attachment": "HipLeft" },
	{ "name": "Torso", "bone": "Torso", "attachment": "Torso" },
	{ "name": "Head", "bone": "Head", "attachment": "Head" },
	{ "name": "Weapon", "bone": "Weapon", "attachment": "WeaponMelee" },
	{ "name": "UpperArmLeft", "bone": "UpperArmLeft", "attachment": "UpperArmLeft" },
	{ "name": "LowerArmLeft", "bone": "LowerArmLeft", "attachment": "LowerArmLeft" },
	{ "name": "HandLeft", "bone": "HandLeft", "attachment": "HandLeft" },
	{ "name": "Front/Male/HandLeft2", "bone": "root" }
],
"skins": {
	"default": {
		"CalfLeft": {
			"CalfLeft": { "path": "Front/Male/CalfLeft", "x": 58.78, "y": -11.58, "rotation": 76.9, "width": 111, "height": 170 }
		},
		"CalfRight": {
			"CalfRight": { "path": "Front/Male/CalfRight", "x": 69.95, "y": -1.09, "rotation": 68.8, "width": 149, "height": 197 }
		},
		"FootLeft": {
			"FootLeft": { "path": "Front/Male/FootLeft", "x": 32.55, "y": -3.06, "rotation": 147.13, "width": 136, "height": 83 }
		},
		"FootRight": {
			"FootRight": { "path": "Front/Male/FootRight", "x": 45.52, "y": -0.9, "rotation": 151.86, "width": 134, "height": 87 }
		},
		"HandLeft": {
			"HandLeft": { "path": "Front/Male/HandLeft", "x": 50.28, "y": 16.5, "rotation": 128.29, "width": 233, "height": 217 }
		},
		"HandRight": {
			"HandRight": { "path": "Front/Male/HandRight", "x": 68.7, "y": -3.02, "rotation": 70.65, "width": 183, "height": 192 }
		},
		"Head": {
			"Head": {
				"path": "Front/Male/Head",
				"x": 94.33,
				"y": 15.42,
				"scaleX": 1.25,
				"scaleY": 1.25,
				"rotation": -91.14,
				"width": 229,
				"height": 266
			}
		},
		"HipLeft": {
			"HipLeft": { "path": "Front/Male/HipLeft", "x": 97.37, "y": -7.09, "rotation": 98.25, "width": 176, "height": 267 }
		},
		"HipRight": {
			"HipRight": { "path": "Front/Male/HipRight", "x": 108.7, "y": 5.15, "rotation": 109.1, "width": 250, "height": 281 }
		},
		"LowerArmLeft": {
			"LowerArmLeft": { "path": "Front/Male/LowerArmLeft", "x": 60.18, "y": 5.55, "rotation": 102.88, "width": 208, "height": 211 }
		},
		"LowerArmRight": {
			"LowerArmRight": { "path": "Front/Male/LowerArmRight", "x": 111.18, "y": -5.5, "rotation": 111.01, "width": 200, "height": 333 }
		},
		"Pelvis": {
			"Pelvis": {
				"path": "Front/Male/Pelvis",
				"x": 32.09,
				"y": 16.05,
				"scaleX": 0.75,
				"scaleY": 0.75,
				"rotation": -109.3,
				"width": 254,
				"height": 209
			}
		},
		"Torso": {
			"Torso": { "path": "Front/Male/Torso", "x": 179.02, "y": 30.14, "rotation": -103.81, "width": 320, "height": 477 }
		},
		"UpperArmLeft": {
			"UpperArmLeft": { "path": "Front/Male/UpperArmLeft", "x": 121.3, "y": -12.98, "rotation": 64.23, "width": 240, "height": 280 }
		},
		"UpperArmRight": {
			"UpperArmRight": { "path": "Front/Male/UpperArmRight", "x": 97.97, "y": -10.12, "rotation": 88.85, "width": 337, "height": 335 }
		},
		"Weapon": {
			"WeaponMelee": { "x": 138.6, "y": -8.33, "rotation": -176.85, "width": 475, "height": 364 }
		}
	}
},
"events": {
	"Footstep": {}
},
"animations": {
	"AttackMeleeHorizontal": {
		"bones": {
			"Weapon": {
				"rotate": [
					{ "time": 0, "angle": -29.99, "curve": "stepped" },
					{ "time": 0.1333, "angle": -16.54, "curve": "stepped" },
					{ "time": 0.2333, "angle": -16.54, "curve": "stepped" },
					{ "time": 0.3667, "angle": -29.99, "curve": "stepped" },
					{ "time": 0.4333, "angle": -8.32, "curve": "stepped" },
					{ "time": 0.5, "angle": 330.01 }
				],
				"translate": [
					{ "time": 0, "x": 2.59, "y": -1.99, "curve": "stepped" },
					{ "time": 0.1333, "x": 2.59, "y": -1.99, "curve": "stepped" },
					{ "time": 0.2333, "x": 2.59, "y": -1.99, "curve": "stepped" },
					{ "time": 0.4333, "x": 2.59, "y": -1.99 }
				]
			},
			"Torso": {
				"rotate": [
					{ "time": 0, "angle": 0 },
					{ "time": 0.1333, "angle": -4.77 },
					{ "time": 0.2333, "angle": -6.58 },
					{ "time": 0.3, "angle": 0 }
				],
				"translate": [
					{ "time": 0, "x": 0, "y": 0 },
					{ "time": 0.1333, "x": 10.11, "y": -0.48 },
					{ "time": 0.2333, "x": 4.04, "y": -0.19 },
					{ "time": 0.3, "x": 0, "y": 0 }
				]
			},
			"Head": {
				"rotate": [
					{ "time": 0, "angle": 0 },
					{ "time": 0.1333, "angle": -4.15 },
					{ "time": 0.2333, "angle": -0.1 },
					{ "time": 0.3, "angle": 2.6 },
					{ "time": 0.3667, "angle": 2 },
					{ "time": 0.5, "angle": 0 }
				],
				"translate": [
					{ "time": 0.1333, "x": 0, "y": 0, "curve": "stepped" },
					{ "time": 0.2333, "x": 0, "y": 0 }
				]
			},
			"UpperArmLeft": {
				"rotate": [
					{ "time": 0, "angle": 0 },
					{ "time": 0.1333, "angle": -41.14 },
					{ "time": 0.2333, "angle": -72.12 },
					{ "time": 0.3667, "angle": -106.96 },
					{ "time": 0.4333, "angle": -48.41 },
					{ "time": 0.5, "angle": 0 }
				],
				"translate": [
					{ "time": 0.1333, "x": 0, "y": 0, "curve": "stepped" },
					{ "time": 0.2333, "x": 0, "y": 0 }
				]
			},
			"LowerArmLeft": {
				"rotate": [
					{ "time": 0, "angle": 0 },
					{ "time": 0.1333, "angle": -46.26 },
					{ "time": 0.2333, "angle": -50.47 },
					{ "time": 0.3667, "angle": -33.38 },
					{ "time": 0.4333, "angle": 29.21 },
					{ "time": 0.5, "angle": 0 }
				],
				"translate": [
					{ "time": 0.1333, "x": 0, "y": 0, "curve": "stepped" },
					{ "time": 0.2333, "x": 0, "y": 0 }
				]
			},
			"UpperArmRight": {
				"rotate": [
					{ "time": 0, "angle": 0 },
					{ "time": 0.1333, "angle": -3.02 },
					{ "time": 0.2333, "angle": -4.82 },
					{ "time": 0.3667, "angle": -7.84 },
					{ "time": 0.4333, "angle": 0 }
				],
				"translate": [
					{ "time": 0.1333, "x": 0, "y": 0, "curve": "stepped" },
					{ "time": 0.2333, "x": 0, "y": 0 }
				]
			},
			"LowerArmRight": {
				"rotate": [
					{ "time": 0, "angle": 0 },
					{ "time": 0.1333, "angle": -8.86 },
					{ "time": 0.2333, "angle": -14.17 },
					{ "time": 0.3667, "angle": -23.03 },
					{ "time": 0.4333, "angle": 0 }
				],
				"translate": [
					{ "time": 0.1333, "x": 0, "y": 0, "curve": "stepped" },
					{ "time": 0.2333, "x": 0, "y": 0 }
				]
			},
			"HandLeft": {
				"rotate": [
					{ "time": 0, "angle": -6.58 },
					{ "time": 0.1333, "angle": -11.58 },
					{ "time": 0.2333, "angle": -4.76 },
					{ "time": 0.3667, "angle": -5.37 },
					{ "time": 0.5, "angle": -6.58 }
				],
				"translate": [
					{ "time": 0.1333, "x": 0, "y": 0, "curve": "stepped" },
					{ "time": 0.2333, "x": 0, "y": 0 }
				]
			},
			"root": {
				"rotate": [
					{ "time": 0.1333, "angle": 0, "curve": "stepped" },
					{ "time": 0.2333, "angle": 0 }
				],
				"translate": [
					{ "time": 0.1333, "x": 0, "y": 0, "curve": "stepped" },
					{ "time": 0.2333, "x": 0, "y": 0 }
				]
			},
			"Pelvis": {
				"rotate": [
					{ "time": 0.1333, "angle": 0, "curve": "stepped" },
					{ "time": 0.2333, "angle": 0 }
				],
				"translate": [
					{ "time": 0.1333, "x": 0, "y": 0, "curve": "stepped" },
					{ "time": 0.2333, "x": 0, "y": 0 }
				]
			},
			"HipLeft": {
				"rotate": [
					{ "time": 0.1333, "angle": 0, "curve": "stepped" },
					{ "time": 0.2333, "angle": 0 }
				],
				"translate": [
					{ "time": 0.1333, "x": 0, "y": 0, "curve": "stepped" },
					{ "time": 0.2333, "x": 0, "y": 0 }
				]
			},
			"CalfLeft": {
				"rotate": [
					{ "time": 0.1333, "angle": 0, "curve": "stepped" },
					{ "time": 0.2333, "angle": 0 }
				],
				"translate": [
					{ "time": 0.1333, "x": 0, "y": 0, "curve": "stepped" },
					{ "time": 0.2333, "x": 0, "y": 0 }
				]
			},
			"HipRight": {
				"rotate": [
					{ "time": 0.1333, "angle": 0, "curve": "stepped" },
					{ "time": 0.2333, "angle": 0 }
				],
				"translate": [
					{ "time": 0.1333, "x": 0, "y": 0, "curve": "stepped" },
					{ "time": 0.2333, "x": 0, "y": 0 }
				]
			},
			"CalfRight": {
				"rotate": [
					{ "time": 0.1333, "angle": 0, "curve": "stepped" },
					{ "time": 0.2333, "angle": 0 }
				],
				"translate": [
					{ "time": 0.1333, "x": 0, "y": 0, "curve": "stepped" },
					{ "time": 0.2333, "x": 0, "y": 0 }
				]
			},
			"FootLeft": {
				"rotate": [
					{ "time": 0.1333, "angle": 0, "curve": "stepped" },
					{ "time": 0.2333, "angle": 0 }
				],
				"translate": [
					{ "time": 0.1333, "x": 0, "y": 0, "curve": "stepped" },
					{ "time": 0.2333, "x": 0, "y": 0 }
				]
			},
			"FootRight": {
				"rotate": [
					{ "time": 0.1333, "angle": 0, "curve": "stepped" },
					{ "time": 0.2333, "angle": 0 }
				],
				"translate": [
					{ "time": 0.1333, "x": 0, "y": 0, "curve": "stepped" },
					{ "time": 0.2333, "x": 0, "y": 0 }
				]
			},
			"ShoulderLeft": {
				"rotate": [
					{ "time": 0.1333, "angle": 0, "curve": "stepped" },
					{ "time": 0.2333, "angle": 0 }
				],
				"translate": [
					{ "time": 0.1333, "x": 0, "y": 0, "curve": "stepped" },
					{ "time": 0.2333, "x": 0, "y": 0 }
				]
			},
			"ShoulderRight": {
				"rotate": [
					{ "time": 0.1333, "angle": 0, "curve": "stepped" },
					{ "time": 0.2333, "angle": 0 }
				],
				"translate": [
					{ "time": 0.1333, "x": 0, "y": 0, "curve": "stepped" },
					{ "time": 0.2333, "x": 0, "y": 0 }
				]
			},
			"HandRight": {
				"rotate": [
					{ "time": 0.1333, "angle": 0, "curve": "stepped" },
					{ "time": 0.2333, "angle": 0 }
				],
				"translate": [
					{ "time": 0.1333, "x": 0, "y": 0, "curve": "stepped" },
					{ "time": 0.2333, "x": 0, "y": 0 }
				]
			},
			"Neck": {
				"rotate": [
					{ "time": 0.1333, "angle": 0 },
					{ "time": 0.2333, "angle": 6.27 }
				],
				"translate": [
					{ "time": 0.1333, "x": 0, "y": 0, "curve": "stepped" },
					{ "time": 0.2333, "x": 0, "y": 0 }
				]
			}
		}
	},
	"AttackMeleeHorizontal_Static": {
		"bones": {
			"UpperArmRight": {
				"rotate": [
					{ "time": 0, "angle": 0 },
					{ "time": 0.4333, "angle": -7.84 },
					{ "time": 0.6, "angle": 0 }
				]
			},
			"LowerArmRight": {
				"rotate": [
					{ "time": 0, "angle": 0 },
					{ "time": 0.1667, "angle": -23.03 },
					{ "time": 0.3333, "angle": 0, "curve": "stepped" },
					{ "time": 0.6667, "angle": 0 }
				]
			}
		}
	},
	"AttackMeleeVertical": {
		"bones": {
			"Weapon": {
				"rotate": [
					{ "time": 0, "angle": -31.51 },
					{ "time": 0.3333, "angle": -46.76 },
					{ "time": 0.7667, "angle": 328.49 }
				],
				"translate": [
					{ "time": 0, "x": -0.87, "y": -0.94 }
				]
			},
			"UpperArmLeft": {
				"rotate": [
					{ "time": 0, "angle": 0 },
					{ "time": 0.1667, "angle": -101.29 },
					{ "time": 0.3333, "angle": -48.41 },
					{ "time": 0.7667, "angle": 0 }
				]
			},
			"LowerArmLeft": {
				"rotate": [
					{ "time": 0, "angle": 0 },
					{ "time": 0.1667, "angle": -36.17 },
					{ "time": 0.3333, "angle": 29.21 },
					{ "time": 0.7667, "angle": 0 }
				]
			},
			"UpperArmRight": {
				"rotate": [
					{ "time": 0, "angle": 0 },
					{ "time": 0.1667, "angle": -7.84 },
					{ "time": 0.3333, "angle": 0 }
				]
			},
			"LowerArmRight": {
				"rotate": [
					{ "time": 0, "angle": 0 },
					{ "time": 0.1667, "angle": -23.03 },
					{ "time": 0.3333, "angle": 0 }
				]
			},
			"HandLeft": {
				"rotate": [
					{ "time": 0, "angle": -8.23 },
					{ "time": 0.1667, "angle": -8.61 },
					{ "time": 0.3333, "angle": 33.21 },
					{ "time": 0.7667, "angle": -8.23 }
				]
			},
			"Torso": {
				"rotate": [
					{ "time": 0, "angle": 10.75 },
					{ "time": 0.1667, "angle": 8.64 },
					{ "time": 0.3333, "angle": 12.69 },
					{ "time": 0.7667, "angle": 10.75 }
				]
			},
			"Neck": {
				"rotate": [
					{ "time": 0, "angle": 5.04 },
					{ "time": 0.1667, "angle": 6.84 },
					{ "time": 0.3333, "angle": -0.71 },
					{ "time": 0.7667, "angle": 5.04 }
				]
			},
			"HipRight": {
				"rotate": [
					{ "time": 0, "angle": -360 },
					{ "time": 0.4333, "angle": 0 }
				]
			},
			"HipLeft": {
				"rotate": [
					{ "time": 0, "angle": -360 },
					{ "time": 0.4333, "angle": 0 }
				]
			}
		}
	},
	"AttackMeleeVertical_Static": {
		"bones": {
			"Torso": {
				"rotate": [
					{ "time": 0, "angle": 13.32, "curve": "stepped" },
					{ "time": 0.7667, "angle": 13.32 }
				]
			},
			"UpperArmRight": {
				"rotate": [
					{ "time": 0, "angle": 0 },
					{ "time": 0.4333, "angle": -7.84 },
					{ "time": 0.6, "angle": 0 }
				]
			},
			"LowerArmRight": {
				"rotate": [
					{ "time": 0, "angle": 0 },
					{ "time": 0.1667, "angle": -23.03 },
					{ "time": 0.3333, "angle": 0 }
				]
			}
		}
	},
	"Death": {
		"bones": {
			"Pelvis": {
				"rotate": [
					{ "time": 0, "angle": 0 },
					{ "time": 0.3333, "angle": -21.18 },
					{ "time": 0.6667, "angle": -89.19 },
					{ "time": 0.8, "angle": -88.73 },
					{ "time": 0.9333, "angle": -92.19 }
				],
				"translate": [
					{ "time": 0, "x": 0, "y": 0 },
					{ "time": 0.3333, "x": 19.35, "y": -20.6 },
					{ "time": 0.6667, "x": 110.57, "y": -193.87 },
					{ "time": 0.8, "x": 99.51, "y": -95.72 },
					{ "time": 0.9333, "x": 105.04, "y": -121.17 }
				]
			},
			"HipRight": {
				"rotate": [
					{ "time": 0, "angle": -10.64 },
					{ "time": 0.3333, "angle": 341.59 },
					{ "time": 0.5, "angle": 334.37 },
					{ "time": 0.6667, "angle": 306.04 },
					{ "time": 0.8333, "angle": -2.15 },
					{ "time": 0.9333, "angle": -13.3 },
					{ "time": 1, "angle": -4.37 }
				]
			},
			"HipLeft": {
				"rotate": [
					{ "time": 0, "angle": 0 },
					{ "time": 0.3333, "angle": 331.86 },
					{ "time": 0.6667, "angle": 336.29 },
					{ "time": 0.8333, "angle": 354.42 },
					{ "time": 0.9333, "angle": 347.57 },
					{ "time": 1, "angle": 354.42 }
				]
			},
			"Head": {
				"rotate": [
					{ "time": 0, "angle": 0 },
					{ "time": 0.3333, "angle": 8.58 },
					{ "time": 0.6667, "angle": 12.55 },
					{ "time": 0.7333, "angle": -7.57 },
					{ "time": 0.8333, "angle": 10.27 },
					{ "time": 0.9667, "angle": -15.72 },
					{ "time": 1.0667, "angle": -3.31 },
					{ "time": 1.1667, "angle": -11.76 }
				]
			},
			"UpperArmLeft": {
				"rotate": [
					{ "time": 0, "angle": 0 },
					{ "time": 0.3333, "angle": -29.51 },
					{ "time": 0.6667, "angle": -63.84 },
					{ "time": 1, "angle": -24.81 },
					{ "time": 1.0667, "angle": -31.02 },
					{ "time": 1.1667, "angle": -24.81 }
				]
			},
			"LowerArmLeft": {
				"rotate": [
					{ "time": 0, "angle": 0 },
					{ "time": 0.3333, "angle": -10.38 },
					{ "time": 1, "angle": 37.03 },
					{ "time": 1.0667, "angle": 24.94 },
					{ "time": 1.1667, "angle": 37.03 }
				]
			},
			"UpperArmRight": {
				"rotate": [
					{ "time": 0, "angle": 0 },
					{ "time": 0.3333, "angle": -6.98 },
					{ "time": 0.6667, "angle": -60.24 },
					{ "time": 1, "angle": 41.85 }
				]
			},
			"LowerArmRight": {
				"rotate": [
					{ "time": 0, "angle": 0 },
					{ "time": 0.3333, "angle": -28.47 }
				]
			},
			"HandLeft": {
				"translate": [
					{ "time": 0, "x": 0.48, "y": -1.69 }
				]
			},
			"HandRight": {
				"rotate": [
					{ "time": 0, "angle": 0 },
					{ "time": 0.1667, "angle": -23.43 }
				]
			},
			"CalfRight": {
				"rotate": [
					{ "time": 0, "angle": 3 },
					{ "time": 0.3333, "angle": 45.37 },
					{ "time": 0.5, "angle": 45.58 },
					{ "time": 0.6667, "angle": 21.88 }
				]
			},
			"CalfLeft": {
				"rotate": [
					{ "time": 0, "angle": 0 },
					{ "time": 0.3333, "angle": 68.86 },
					{ "time": 0.6667, "angle": 7.86 }
				]
			},
			"FootLeft": {
				"rotate": [
					{ "time": 0, "angle": 0 },
					{ "time": 0.3333, "angle": -21.32 },
					{ "time": 0.5, "angle": 4.08 },
					{ "time": 0.6667, "angle": 10.62 },
					{ "time": 0.8333, "angle": -2.08 }
				]
			},
			"FootRight": {
				"rotate": [
					{ "time": 0, "angle": 0 },
					{ "time": 0.5, "angle": 10.18 },
					{ "time": 0.6667, "angle": 33.77 },
					{ "time": 0.8333, "angle": 11.59 }
				]
			},
			"Neck": {
				"rotate": [
					{ "time": 0, "angle": 0 },
					{ "time": 0.3333, "angle": 9.73 },
					{ "time": 0.6667, "angle": 12.22 },
					{ "time": 0.7333, "angle": -10.22 },
					{ "time": 0.8333, "angle": 0.49 },
					{ "time": 0.9667, "angle": -4.21 },
					{ "time": 1.0667, "angle": -0.84 },
					{ "time": 1.1667, "angle": -3.17 }
				]
			},
			"Weapon": {
				"rotate": [
					{ "time": 0, "angle": -34.35 }
				],
				"translate": [
					{ "time": 0, "x": -5.89, "y": -0.56 }
				]
			}
		}
	},
	"Idle": {
		"bones": {
			"Torso": {
				"translate": [
					{ "time": 0, "x": 0, "y": 0 },
					{ "time": 0.3333, "x": 13.26, "y": -0.63 },
					{ "time": 0.6667, "x": 0, "y": 0 }
				]
			},
			"Pelvis": {
				"translate": [
					{ "time": 0, "x": 0, "y": 0 },
					{ "time": 0.3333, "x": 0, "y": 5.12 },
					{ "time": 0.6667, "x": 0, "y": 0 }
				]
			},
			"HipRight": {
				"rotate": [
					{ "time": 0, "angle": -10.64 }
				],
				"translate": [
					{ "time": 0, "x": 0, "y": 0 },
					{ "time": 0.3333, "x": -5.05, "y": 0.24 },
					{ "time": 0.6667, "x": 0, "y": 0 }
				]
			},
			"HipLeft": {
				"translate": [
					{ "time": 0, "x": 0, "y": 0 },
					{ "time": 0.3333, "x": -5.05, "y": 0.24 },
					{ "time": 0.6667, "x": 0, "y": 0 }
				]
			},
			"Head": {
				"translate": [
					{ "time": 0, "x": 0, "y": 0 },
					{ "time": 0.3333, "x": -10.12, "y": -0.27 },
					{ "time": 0.6667, "x": 0, "y": 0 }
				]
			},
			"CalfRight": {
				"rotate": [
					{ "time": 0, "angle": 3 }
				]
			},
			"Weapon": {
				"rotate": [
					{ "time": 0, "angle": -29.48 }
				],
				"translate": [
					{ "time": 0, "x": -5.53, "y": -1.29 }
				]
			}
		}
	},
	"RunDown": {
		"bones": {
			"HipLeft": {
				"rotate": [
					{ "time": 0, "angle": -40.88 },
					{ "time": 0.1333, "angle": 351.19 },
					{ "time": 0.2667, "angle": -14.16 },
					{ "time": 0.4, "angle": 345.84 },
					{ "time": 0.5333, "angle": -40.88 }
				],
				"translate": [
					{ "time": 0, "x": -18.92, "y": 0.9, "curve": "stepped" },
					{ "time": 0.1333, "x": -18.92, "y": 0.9 },
					{ "time": 0.2667, "x": -9.46, "y": 0.45, "curve": "stepped" },
					{ "time": 0.4, "x": -9.46, "y": 0.45 },
					{ "time": 0.5333, "x": -18.92, "y": 0.9 }
				],
				"scale": [
					{ "time": 0, "x": 1.037, "y": 1 },
					{ "time": 0.1333, "x": 1.057, "y": 1 },
					{ "time": 0.2667, "x": 0.873, "y": 1 },
					{ "time": 0.4, "x": 1.07, "y": 1 },
					{ "time": 0.5333, "x": 1.037, "y": 1 }
				]
			},
			"CalfLeft": {
				"rotate": [
					{ "time": 0, "angle": 36.18 },
					{ "time": 0.1333, "angle": 4.07 },
					{ "time": 0.2667, "angle": 28.04 },
					{ "time": 0.3667, "angle": 64.24 },
					{ "time": 0.4, "angle": 47.16 },
					{ "time": 0.5333, "angle": 36.18 }
				],
				"translate": [
					{ "time": 0.1333, "x": 0, "y": 0 },
					{ "time": 0.2667, "x": -12.63, "y": -4.27 },
					{ "time": 0.3667, "x": -33.46, "y": -14.99 },
					{ "time": 0.4, "x": -40.4, "y": -18.56 },
					{ "time": 0.5333, "x": 0, "y": 0 }
				],
				"scale": [
					{ "time": 0, "x": 1.026, "y": 1 },
					{ "time": 0.1333, "x": 1, "y": 1 },
					{ "time": 0.2667, "x": 0.926, "y": 1 },
					{ "time": 0.4, "x": 0.735, "y": 1 },
					{ "time": 0.5333, "x": 1.026, "y": 1 }
				]
			},
			"HipRight": {
				"rotate": [
					{ "time": 0, "angle": -27.82 },
					{ "time": 0.1333, "angle": 337.06 },
					{ "time": 0.2667, "angle": -49.26 },
					{ "time": 0.4, "angle": 327.29 },
					{ "time": 0.5333, "angle": -27.82 }
				],
				"translate": [
					{ "time": 0, "x": 18.92, "y": -0.9, "curve": "stepped" },
					{ "time": 0.1333, "x": 18.92, "y": -0.9 },
					{ "time": 0.2667, "x": -7.09, "y": 0.34, "curve": "stepped" },
					{ "time": 0.4, "x": -7.09, "y": 0.34 },
					{ "time": 0.5333, "x": 18.92, "y": -0.9 }
				],
				"scale": [
					{ "time": 0, "x": 0.976, "y": 1 },
					{ "time": 0.1333, "x": 0.995, "y": 1 },
					{ "time": 0.2667, "x": 0.904, "y": 1 },
					{ "time": 0.4, "x": 1.16, "y": 1 },
					{ "time": 0.5333, "x": 0.976, "y": 1 }
				]
			},
			"CalfRight": {
				"rotate": [
					{ "time": 0, "angle": 39.65 },
					{ "time": 0.1333, "angle": 72.97 },
					{ "time": 0.2667, "angle": 39.19 },
					{ "time": 0.4, "angle": 21.28 },
					{ "time": 0.5333, "angle": 39.87 }
				],
				"translate": [
					{ "time": 0, "x": -7.78, "y": -0.3 },
					{ "time": 0.1333, "x": -24.63, "y": -1.66 },
					{ "time": 0.2667, "x": 0, "y": 0 },
					{ "time": 0.4, "x": 8.2, "y": 5.41 },
					{ "time": 0.5333, "x": -7.78, "y": -0.3 }
				],
				"scale": [
					{ "time": 0, "x": 0.813, "y": 1 },
					{ "time": 0.1333, "x": 0.834, "y": 1 },
					{ "time": 0.2667, "x": 0.967, "y": 1 },
					{ "time": 0.4, "x": 0.934, "y": 1 },
					{ "time": 0.5333, "x": 0.813, "y": 1 }
				]
			},
			"Pelvis": {
				"translate": [
					{
						"time": 0,
						"x": 0,
						"y": -11.76,
						"curve": [ 0.18, 0.52, 0.75, 1 ]
					},
					{
						"time": 0.1333,
						"x": 0,
						"y": 97.52,
						"curve": [ 0.35, 0, 0.902, 0.53 ]
					},
					{
						"time": 0.2667,
						"x": 0,
						"y": -11.76,
						"curve": [ 0.18, 0.52, 0.75, 1 ]
					},
					{
						"time": 0.4,
						"x": 0,
						"y": 97.52,
						"curve": [ 0.35, 0, 0.902, 0.53 ]
					},
					{ "time": 0.5333, "x": 0, "y": -11.76 }
				]
			},
			"Head": {
				"translate": [
					{ "time": 0, "x": 0, "y": 0 },
					{ "time": 0.1333, "x": -13.4, "y": -0.43 },
					{ "time": 0.2667, "x": 9.39, "y": 0.25 },
					{ "time": 0.4, "x": -14.09, "y": -0.38 },
					{ "time": 0.5333, "x": 0, "y": 0 }
				]
			},
			"UpperArmLeft": {
				"rotate": [
					{ "time": 0, "angle": 0.9 },
					{ "time": 0.2667, "angle": -39.37 },
					{ "time": 0.5333, "angle": 0.9 }
				]
			},
			"LowerArmLeft": {
				"rotate": [
					{ "time": 0, "angle": -23.04 },
					{ "time": 0.2667, "angle": -29.22 },
					{ "time": 0.5333, "angle": -23.04 }
				]
			},
			"HandLeft": {
				"rotate": [
					{ "time": 0, "angle": 16.39 },
					{ "time": 0.2667, "angle": 22.92 },
					{ "time": 0.5333, "angle": 16.39 }
				]
			},
			"LowerArmRight": {
				"rotate": [
					{ "time": 0, "angle": -83.38 },
					{ "time": 0.2667, "angle": -32.56 },
					{ "time": 0.5333, "angle": -83.38 }
				]
			},
			"UpperArmRight": {
				"rotate": [
					{ "time": 0, "angle": 11.05 },
					{ "time": 0.2667, "angle": 28.32 },
					{ "time": 0.5333, "angle": 11.05 }
				]
			},
			"HandRight": {
				"rotate": [
					{ "time": 0, "angle": -61.62 },
					{ "time": 0.2667, "angle": -66.14 },
					{ "time": 0.5333, "angle": -61.62 }
				]
			},
			"Torso": {
				"rotate": [
					{ "time": 0, "angle": 0 },
					{ "time": 0.1333, "angle": 4.5 },
					{ "time": 0.2667, "angle": 0 },
					{ "time": 0.4, "angle": 4.5 },
					{ "time": 0.5333, "angle": 0 }
				]
			},
			"Neck": {
				"rotate": [
					{ "time": 0, "angle": 0 },
					{ "time": 0.1333, "angle": -4.15 },
					{ "time": 0.2667, "angle": 0 },
					{ "time": 0.4, "angle": -4.15 },
					{ "time": 0.5333, "angle": 0 }
				]
			},
			"FootRight": {
				"rotate": [
					{ "time": 0, "angle": 31.68, "curve": "stepped" },
					{ "time": 0.1333, "angle": 31.68 },
					{ "time": 0.2667, "angle": -4.45 },
					{ "time": 0.4, "angle": 6.91 },
					{ "time": 0.5333, "angle": 31.68 }
				],
				"scale": [
					{ "time": 0, "x": 1.141, "y": 1.269, "curve": "stepped" },
					{ "time": 0.1333, "x": 1.141, "y": 1.269 },
					{ "time": 0.2667, "x": 1.004, "y": 1.122, "curve": "stepped" },
					{ "time": 0.4, "x": 1.004, "y": 1.122 },
					{ "time": 0.5333, "x": 1.141, "y": 1.269 }
				]
			},
			"FootLeft": {
				"rotate": [
					{ "time": 0, "angle": -3.87 },
					{ "time": 0.1333, "angle": 8.65 },
					{ "time": 0.2667, "angle": -8.1 },
					{ "time": 0.4, "angle": 1.26 },
					{ "time": 0.5333, "angle": -3.87 }
				],
				"translate": [
					{ "time": 0, "x": 0, "y": 0, "curve": "stepped" },
					{ "time": 0.2667, "x": 9.86, "y": 0.03, "curve": "stepped" },
					{ "time": 0.5333, "x": 0, "y": 0 }
				],
				"scale": [
					{ "time": 0, "x": 1.054, "y": 1.137, "curve": "stepped" },
					{ "time": 0.1333, "x": 1.054, "y": 1.137 },
					{ "time": 0.2667, "x": 1.272, "y": 1.331 },
					{ "time": 0.4, "x": 1.196, "y": 1.331 },
					{ "time": 0.5333, "x": 1.054, "y": 1.137 }
				]
			},
			"Weapon": {
				"rotate": [
					{ "time": 0, "angle": -39.92, "curve": "stepped" },
					{ "time": 0.5333, "angle": 320.08 }
				],
				"translate": [
					{ "time": 0, "x": 5.6, "y": -4.8 }
				]
			}
		},
		"events": [
			{ "time": 0.1, "name": "Footstep" },
			{ "time": 0.3667, "name": "Footstep" }
		]
	},
	"RunDownStart": {
		"bones": {
			"HipLeft": {
				"rotate": [
					{ "time": 0, "angle": 0 },
					{ "time": 0.3333, "angle": -40.88 },
					{ "time": 0.4667, "angle": 351.19 }
				],
				"translate": [
					{ "time": 0, "x": 0, "y": 0 },
					{ "time": 0.3333, "x": -18.92, "y": 0.9 }
				],
				"scale": [
					{ "time": 0, "x": 1, "y": 1 },
					{ "time": 0.3333, "x": 1.037, "y": 1 },
					{ "time": 0.4667, "x": 1.057, "y": 1 }
				]
			},
			"CalfLeft": {
				"rotate": [
					{ "time": 0, "angle": 0 },
					{ "time": 0.3333, "angle": 36.18 },
					{ "time": 0.4667, "angle": 4.07 }
				],
				"scale": [
					{ "time": 0, "x": 1, "y": 1 },
					{ "time": 0.3333, "x": 1.026, "y": 1 },
					{ "time": 0.4667, "x": 1, "y": 1 }
				]
			},
			"HipRight": {
				"rotate": [
					{ "time": 0, "angle": -10.64 },
					{ "time": 0.3333, "angle": -27.82 },
					{ "time": 0.4667, "angle": 337.06 }
				],
				"translate": [
					{ "time": 0, "x": 0, "y": 0 },
					{ "time": 0.3333, "x": 18.92, "y": -0.9 }
				],
				"scale": [
					{ "time": 0, "x": 1, "y": 1 },
					{ "time": 0.3333, "x": 0.976, "y": 1 },
					{ "time": 0.4667, "x": 0.995, "y": 1 }
				]
			},
			"CalfRight": {
				"rotate": [
					{ "time": 0, "angle": 3 },
					{ "time": 0.3333, "angle": 39.65 },
					{ "time": 0.4667, "angle": 72.97 }
				],
				"translate": [
					{ "time": 0, "x": 0, "y": 0 },
					{ "time": 0.3333, "x": -11.24, "y": 8.31 },
					{ "time": 0.4667, "x": -24.63, "y": -1.66 }
				],
				"scale": [
					{ "time": 0, "x": 1, "y": 1 },
					{ "time": 0.3333, "x": 0.813, "y": 1 },
					{ "time": 0.4667, "x": 0.834, "y": 1 }
				]
			},
			"Pelvis": {
				"translate": [
					{ "time": 0, "x": 0, "y": 0 },
					{ "time": 0.3333, "x": 0, "y": -11.76 },
					{ "time": 0.4667, "x": 0, "y": 97.52 }
				]
			},
			"Head": {
				"translate": [
					{ "time": 0.3333, "x": 0, "y": 0 },
					{ "time": 0.4667, "x": -13.4, "y": -0.43 }
				]
			},
			"UpperArmLeft": {
				"rotate": [
					{ "time": 0, "angle": 0 },
					{ "time": 0.3333, "angle": 0.9 }
				]
			},
			"LowerArmLeft": {
				"rotate": [
					{ "time": 0, "angle": 0 },
					{ "time": 0.3333, "angle": -23.04 }
				]
			},
			"HandLeft": {
				"rotate": [
					{ "time": 0, "angle": 0 },
					{ "time": 0.3333, "angle": 16.39 }
				]
			},
			"LowerArmRight": {
				"rotate": [
					{ "time": 0, "angle": 0 },
					{ "time": 0.3333, "angle": -83.38 }
				]
			},
			"UpperArmRight": {
				"rotate": [
					{ "time": 0, "angle": 0 },
					{ "time": 0.3333, "angle": 11.05 }
				]
			},
			"HandRight": {
				"rotate": [
					{ "time": 0, "angle": 0 },
					{ "time": 0.3333, "angle": -39.68 }
				]
			},
			"Torso": {
				"rotate": [
					{ "time": 0, "angle": 0 },
					{ "time": 0.1667, "angle": 7.05 },
					{ "time": 0.3333, "angle": 0 },
					{ "time": 0.4667, "angle": 4.5 }
				]
			},
			"Neck": {
				"rotate": [
					{ "time": 0.3333, "angle": 0 },
					{ "time": 0.4667, "angle": -4.15 }
				]
			},
			"FootRight": {
				"rotate": [
					{ "time": 0, "angle": 0 },
					{ "time": 0.3333, "angle": 31.68 }
				],
				"scale": [
					{ "time": 0, "x": 1, "y": 1 },
					{ "time": 0.3333, "x": 1.141, "y": 1.269 }
				]
			},
			"FootLeft": {
				"rotate": [
					{ "time": 0, "angle": 0 },
					{ "time": 0.3333, "angle": -3.87 },
					{ "time": 0.4667, "angle": 8.65 }
				],
				"scale": [
					{ "time": 0, "x": 1, "y": 1 },
					{ "time": 0.3333, "x": 1.054, "y": 1.137 }
				]
			},
			"Weapon": {
				"rotate": [
					{ "time": 0, "angle": 330.5, "curve": "stepped" },
					{ "time": 0.3333, "angle": -47.07 }
				],
				"translate": [
					{ "time": 0, "x": 0.71, "y": -4.96, "curve": "stepped" },
					{ "time": 0.3333, "x": 38.58, "y": 51.81 }
				]
			}
		}
	},
	"RunSide": {
		"bones": {
			"LowerArmRight": {
				"rotate": [
					{ "time": 0, "angle": -83.38 },
					{ "time": 0.1333, "angle": -57.97 },
					{ "time": 0.2667, "angle": -32.56 },
					{ "time": 0.3667, "angle": -51.62 },
					{ "time": 0.4, "angle": -57.97 },
					{ "time": 0.5333, "angle": 276.62 }
				]
			},
			"HipRight": {
				"rotate": [
					{ "time": 0, "angle": -27.82 },
					{ "time": 0.1333, "angle": 11.8 },
					{ "time": 0.2667, "angle": -49.26 },
					{ "time": 0.3667, "angle": -46.22 },
					{ "time": 0.4, "angle": -32.71 },
					{ "time": 0.5333, "angle": -387.82 }
				],
				"translate": [
					{ "time": 0, "x": 18.92, "y": -0.9, "curve": "stepped" },
					{ "time": 0.1333, "x": 18.92, "y": -0.9 },
					{ "time": 0.2667, "x": -7.09, "y": 0.34, "curve": "stepped" },
					{ "time": 0.4, "x": -7.09, "y": 0.34 },
					{ "time": 0.5333, "x": 18.92, "y": -0.9 }
				],
				"scale": [
					{ "time": 0, "x": 0.976, "y": 1 },
					{ "time": 0.1333, "x": 0.995, "y": 1 },
					{ "time": 0.2667, "x": 0.904, "y": 1 },
					{ "time": 0.4, "x": 1.16, "y": 1 },
					{ "time": 0.5333, "x": 0.976, "y": 1 }
				]
			},
			"FootRight": {
				"rotate": [
					{ "time": 0, "angle": 31.68, "curve": "stepped" },
					{ "time": 0.1333, "angle": 31.68 },
					{ "time": 0.2667, "angle": -4.45 },
					{ "time": 0.3667, "angle": 30.38 },
					{ "time": 0.4, "angle": 6.91 },
					{ "time": 0.5333, "angle": 26.14 }
				],
				"translate": [
					{ "time": 0.4, "x": 0, "y": 0 },
					{ "time": 0.5333, "x": 0.02, "y": -0.51 }
				],
				"scale": [
					{ "time": 0, "x": 1.141, "y": 1.269, "curve": "stepped" },
					{ "time": 0.1333, "x": 1.141, "y": 1.269 },
					{ "time": 0.2667, "x": 1.004, "y": 1.122, "curve": "stepped" },
					{ "time": 0.4, "x": 1.004, "y": 1.122 },
					{ "time": 0.5333, "x": 1.141, "y": 1.269 }
				]
			},
			"UpperArmLeft": {
				"rotate": [
					{ "time": 0, "angle": 0.9 },
					{ "time": 0.1333, "angle": -19.24 },
					{ "time": 0.2667, "angle": -39.37 },
					{ "time": 0.3667, "angle": -24.27 },
					{ "time": 0.4, "angle": -19.24 },
					{ "time": 0.5333, "angle": 0.9 }
				]
			},
			"Torso": {
				"rotate": [
					{ "time": 0, "angle": 0 },
					{ "time": 0.1333, "angle": 4.5 },
					{ "time": 0.2667, "angle": 0 },
					{ "time": 0.3667, "angle": 3.38 },
					{ "time": 0.4, "angle": 4.5 },
					{ "time": 0.5333, "angle": 0 }
				]
			},
			"CalfRight": {
				"rotate": [
					{ "time": 0, "angle": 39.65 },
					{ "time": 0.1333, "angle": 44.18 },
					{ "time": 0.2667, "angle": 39.19 },
					{ "time": 0.3667, "angle": 18.55 },
					{ "time": 0.4, "angle": 21.28 },
					{ "time": 0.5333, "angle": 39.87 }
				],
				"translate": [
					{ "time": 0, "x": -7.78, "y": -0.3 },
					{ "time": 0.1333, "x": 2.66, "y": -2.17 },
					{ "time": 0.2667, "x": 0, "y": 0 },
					{ "time": 0.3667, "x": 6.15, "y": 4.06 },
					{ "time": 0.4, "x": 8.2, "y": 5.41 },
					{ "time": 0.5333, "x": -7.78, "y": -0.3 }
				],
				"scale": [
					{ "time": 0, "x": 0.813, "y": 1 },
					{ "time": 0.1333, "x": 0.834, "y": 1 },
					{ "time": 0.2667, "x": 0.967, "y": 1 },
					{ "time": 0.4, "x": 0.934, "y": 1 },
					{ "time": 0.5333, "x": 0.813, "y": 1 }
				]
			},
			"Pelvis": {
				"translate": [
					{
						"time": 0,
						"x": 0,
						"y": -11.76,
						"curve": [ 0.18, 0.52, 0.75, 1 ]
					},
					{
						"time": 0.1333,
						"x": 0,
						"y": 97.52,
						"curve": [ 0.35, 0, 0.902, 0.53 ]
					},
					{
						"time": 0.2667,
						"x": 0,
						"y": -11.76,
						"curve": [ 0.177, 0.43, 0.641, 0.83 ]
					},
					{
						"time": 0.3667,
						"x": 0,
						"y": 87.34,
						"curve": [ 0.387, 0.64, 0.736, 1 ]
					},
					{
						"time": 0.4,
						"x": 0,
						"y": 97.52,
						"curve": [ 0.35, 0, 0.902, 0.53 ]
					},
					{ "time": 0.5333, "x": 0, "y": -11.76 }
				]
			},
			"Neck": {
				"rotate": [
					{ "time": 0, "angle": 0 },
					{ "time": 0.1333, "angle": -4.15 },
					{ "time": 0.2667, "angle": 0 },
					{ "time": 0.3667, "angle": -3.11 },
					{ "time": 0.4, "angle": -4.15 },
					{ "time": 0.5333, "angle": 0 }
				]
			},
			"CalfLeft": {
				"rotate": [
					{ "time": 0, "angle": 57.35 },
					{ "time": 0.1333, "angle": 4.07 },
					{ "time": 0.2667, "angle": 28.04 },
					{ "time": 0.3667, "angle": 67.67 },
					{ "time": 0.4, "angle": 47.16 },
					{ "time": 0.5333, "angle": 56.94 }
				],
				"translate": [
					{ "time": 0.1333, "x": 0, "y": 0 },
					{ "time": 0.2667, "x": -12.63, "y": -4.27 },
					{ "time": 0.3667, "x": -9.27, "y": 8.39 },
					{ "time": 0.4, "x": -11.87, "y": 9.87 },
					{ "time": 0.5333, "x": 0, "y": 0 }
				],
				"scale": [
					{ "time": 0, "x": 1.026, "y": 1 },
					{ "time": 0.1333, "x": 1, "y": 1 },
					{ "time": 0.2667, "x": 0.926, "y": 1 },
					{ "time": 0.4, "x": 0.735, "y": 1 },
					{ "time": 0.5333, "x": 1.026, "y": 1 }
				]
			},
			"Head": {
				"translate": [
					{ "time": 0, "x": 0, "y": 0 },
					{ "time": 0.1333, "x": -13.4, "y": -0.43 },
					{ "time": 0.2667, "x": 9.39, "y": 0.25 },
					{ "time": 0.3667, "x": -8.22, "y": -0.22 },
					{ "time": 0.4, "x": -14.09, "y": -0.38 },
					{ "time": 0.5333, "x": 0, "y": 0 }
				]
			},
			"HandLeft": {
				"rotate": [
					{ "time": 0, "angle": 16.39 },
					{ "time": 0.1333, "angle": 19.65 },
					{ "time": 0.2667, "angle": 22.92 },
					{ "time": 0.3667, "angle": 20.47 },
					{ "time": 0.4, "angle": 19.66 },
					{ "time": 0.5333, "angle": 16.39 }
				]
			},
			"HipLeft": {
				"rotate": [
					{ "time": 0, "angle": -57.05 },
					{ "time": 0.1333, "angle": -8.59 },
					{ "time": 0.2667, "angle": -14.16 },
					{ "time": 0.3667, "angle": -6.89 },
					{ "time": 0.4, "angle": -14.16 },
					{ "time": 0.5333, "angle": -417.05 }
				],
				"translate": [
					{ "time": 0, "x": -4.04, "y": 36.07, "curve": "stepped" },
					{ "time": 0.1333, "x": -5.89, "y": 30.48 },
					{ "time": 0.2667, "x": -7.9, "y": 29.92, "curve": "stepped" },
					{ "time": 0.3667, "x": -7.07, "y": 17.38, "curve": "stepped" },
					{ "time": 0.4, "x": -0.35, "y": 21.94 },
					{ "time": 0.5333, "x": -4.04, "y": 36.07 }
				],
				"scale": [
					{ "time": 0, "x": 1.037, "y": 1 },
					{ "time": 0.1333, "x": 1.057, "y": 1 },
					{ "time": 0.2667, "x": 0.873, "y": 1 },
					{ "time": 0.4, "x": 1.07, "y": 1 },
					{ "time": 0.5333, "x": 1.037, "y": 1 }
				]
			},
			"UpperArmRight": {
				"rotate": [
					{ "time": 0, "angle": 11.05 },
					{ "time": 0.1333, "angle": 19.69 },
					{ "time": 0.2667, "angle": 28.32 },
					{ "time": 0.3667, "angle": 21.84 },
					{ "time": 0.4, "angle": 19.68 },
					{ "time": 0.5333, "angle": 11.05 }
				],
				"translate": [
					{ "time": 0.4, "x": 0, "y": 0 },
					{ "time": 0.5333, "x": 0, "y": 0 }
				]
			},
			"LowerArmLeft": {
				"rotate": [
					{ "time": 0, "angle": -23.04 },
					{ "time": 0.1333, "angle": -26.13 },
					{ "time": 0.2667, "angle": -29.22 },
					{ "time": 0.3667, "angle": -26.9 },
					{ "time": 0.4, "angle": -26.13 },
					{ "time": 0.5333, "angle": -23.04 }
				]
			},
			"FootLeft": {
				"rotate": [
					{ "time": 0, "angle": 0.72 },
					{ "time": 0.1333, "angle": 8.65 },
					{ "time": 0.2667, "angle": -8.1 },
					{ "time": 0.3667, "angle": 20 },
					{ "time": 0.4, "angle": 1.26 },
					{ "time": 0.5333, "angle": 1.7 }
				],
				"translate": [
					{ "time": 0.1333, "x": 0, "y": 0, "curve": "stepped" },
					{ "time": 0.2667, "x": 9.86, "y": 0.03, "curve": "stepped" },
					{ "time": 0.4, "x": 9.86, "y": 0.03, "curve": "stepped" },
					{ "time": 0.5333, "x": 0.05, "y": 1.11 }
				],
				"scale": [
					{ "time": 0, "x": 1.054, "y": 1.137, "curve": "stepped" },
					{ "time": 0.1333, "x": 1.054, "y": 1.137 },
					{ "time": 0.2667, "x": 1.272, "y": 1.331 },
					{ "time": 0.4, "x": 1.196, "y": 1.331 },
					{ "time": 0.5333, "x": 1.054, "y": 1.137 }
				]
			},
			"HandRight": {
				"rotate": [
					{ "time": 0, "angle": -32.29 },
					{ "time": 0.1333, "angle": -63.88 },
					{ "time": 0.2667, "angle": -66.14 },
					{ "time": 0.3667, "angle": -64.44 },
					{ "time": 0.4, "angle": -63.88 },
					{ "time": 0.5333, "angle": -32.29 }
				]
			},
			"Weapon": {
				"rotate": [
					{ "time": 0, "angle": -39.92, "curve": "stepped" },
					{ "time": 0.4, "angle": -39.92, "curve": "stepped" },
					{ "time": 0.5333, "angle": 320.08 }
				],
				"translate": [
					{ "time": 0, "x": 5.6, "y": -4.8 }
				]
			},
			"ShoulderRight": {
				"rotate": [
					{ "time": 0.4, "angle": 0 },
					{ "time": 0.5333, "angle": -360 }
				]
			}
		},
		"drawOrder": [
			{
				"time": 0,
				"offsets": [
					{ "slot": "HipLeft", "offset": 1 }
				]
			}
		],
		"events": [
			{ "time": 0.1, "name": "Footstep" },
			{ "time": 0.3667, "name": "Footstep" }
		]
	},
	"RunSideBackward": {
		"bones": {
			"Neck": {
				"rotate": [
					{ "time": 0, "angle": 0 },
					{ "time": 0.1333, "angle": -4.15 },
					{ "time": 0.2667, "angle": 0 },
					{ "time": 0.4, "angle": -4.15 },
					{ "time": 0.5333, "angle": 0 }
				]
			},
			"HipLeft": {
				"rotate": [
					{ "time": 0, "angle": -40.88 },
					{ "time": 0.1333, "angle": 345.84 },
					{ "time": 0.2667, "angle": -14.16 },
					{ "time": 0.4, "angle": 351.19 },
					{ "time": 0.5333, "angle": -40.88 }
				],
				"translate": [
					{ "time": 0, "x": -18.92, "y": 0.9 },
					{ "time": 0.1333, "x": -9.46, "y": 0.45, "curve": "stepped" },
					{ "time": 0.2667, "x": -9.46, "y": 0.45, "curve": "stepped" },
					{ "time": 0.4, "x": -18.92, "y": 0.9 }
				],
				"scale": [
					{ "time": 0, "x": 1.037, "y": 1 },
					{ "time": 0.1333, "x": 1.07, "y": 1 },
					{ "time": 0.2667, "x": 0.873, "y": 1 },
					{ "time": 0.4, "x": 1.057, "y": 1 },
					{ "time": 0.5333, "x": 1.037, "y": 1 }
				]
			},
			"UpperArmLeft": {
				"rotate": [
					{ "time": 0, "angle": 0.9 },
					{ "time": 0.2667, "angle": -39.37 },
					{ "time": 0.5333, "angle": 0.9 }
				]
			},
			"FootRight": {
				"rotate": [
					{ "time": 0, "angle": 31.68 },
					{ "time": 0.1333, "angle": 6.91 },
					{ "time": 0.2667, "angle": -4.45 },
					{ "time": 0.4, "angle": 31.68 }
				],
				"scale": [
					{ "time": 0, "x": 1.141, "y": 1.269 },
					{ "time": 0.1333, "x": 1.004, "y": 1.122, "curve": "stepped" },
					{ "time": 0.2667, "x": 1.004, "y": 1.122, "curve": "stepped" },
					{ "time": 0.4, "x": 1.141, "y": 1.269 }
				]
			},
			"Torso": {
				"rotate": [
					{ "time": 0, "angle": 0 },
					{ "time": 0.1333, "angle": 4.5 },
					{ "time": 0.2667, "angle": 0 },
					{ "time": 0.4, "angle": 4.5 },
					{ "time": 0.5333, "angle": 0 }
				]
			},
			"FootLeft": {
				"rotate": [
					{ "time": 0, "angle": -3.87 },
					{ "time": 0.1333, "angle": 1.26 },
					{ "time": 0.2667, "angle": -8.1 },
					{ "time": 0.4, "angle": 8.65 },
					{ "time": 0.5333, "angle": -3.87 }
				],
				"translate": [
					{ "time": 0, "x": 0, "y": 0 },
					{ "time": 0.2667, "x": 9.86, "y": 0.03, "curve": "stepped" },
					{ "time": 0.5333, "x": 0, "y": 0 }
				],
				"scale": [
					{ "time": 0, "x": 1.054, "y": 1.137 },
					{ "time": 0.1333, "x": 1.196, "y": 1.331 },
					{ "time": 0.2667, "x": 1.272, "y": 1.331 },
					{ "time": 0.4, "x": 1.054, "y": 1.137 }
				]
			},
			"HandLeft": {
				"rotate": [
					{ "time": 0, "angle": 16.39 },
					{ "time": 0.2667, "angle": 22.92 },
					{ "time": 0.5333, "angle": 16.39 }
				]
			},
			"LowerArmLeft": {
				"rotate": [
					{ "time": 0, "angle": -23.04 },
					{ "time": 0.2667, "angle": -29.22 },
					{ "time": 0.5333, "angle": -23.04 }
				]
			},
			"LowerArmRight": {
				"rotate": [
					{ "time": 0, "angle": -83.38 },
					{ "time": 0.2667, "angle": -32.56 },
					{ "time": 0.5333, "angle": -83.38 }
				]
			},
			"HipRight": {
				"rotate": [
					{ "time": 0, "angle": -27.82 },
					{ "time": 0.1333, "angle": 327.29 },
					{ "time": 0.2667, "angle": -49.26 },
					{ "time": 0.4, "angle": 337.06 },
					{ "time": 0.5333, "angle": -27.82 }
				],
				"translate": [
					{ "time": 0, "x": 18.92, "y": -0.9 },
					{ "time": 0.1333, "x": -7.09, "y": 0.34, "curve": "stepped" },
					{ "time": 0.2667, "x": -7.09, "y": 0.34, "curve": "stepped" },
					{ "time": 0.4, "x": 18.92, "y": -0.9 }
				],
				"scale": [
					{ "time": 0, "x": 0.976, "y": 1 },
					{ "time": 0.1333, "x": 1.16, "y": 1 },
					{ "time": 0.2667, "x": 0.904, "y": 1 },
					{ "time": 0.4, "x": 0.995, "y": 1 },
					{ "time": 0.5333, "x": 0.976, "y": 1 }
				]
			},
			"UpperArmRight": {
				"rotate": [
					{ "time": 0, "angle": 11.05 },
					{ "time": 0.2667, "angle": 28.32 },
					{ "time": 0.5333, "angle": 11.05 }
				]
			},
			"CalfRight": {
				"rotate": [
					{ "time": 0, "angle": 39.87 },
					{ "time": 0.1333, "angle": 21.28 },
					{ "time": 0.2667, "angle": 39.19 },
					{ "time": 0.4, "angle": 72.97 },
					{ "time": 0.5333, "angle": 39.65 }
				],
				"translate": [
					{ "time": 0, "x": -7.78, "y": -0.3 },
					{ "time": 0.1333, "x": 8.2, "y": 5.41 },
					{ "time": 0.2667, "x": 0, "y": 0 },
					{ "time": 0.4, "x": -24.63, "y": -1.66 },
					{ "time": 0.5333, "x": -7.78, "y": -0.3 }
				],
				"scale": [
					{ "time": 0, "x": 0.813, "y": 1 },
					{ "time": 0.1333, "x": 0.934, "y": 1 },
					{ "time": 0.2667, "x": 0.967, "y": 1 },
					{ "time": 0.4, "x": 0.834, "y": 1 },
					{ "time": 0.5333, "x": 0.813, "y": 1 }
				]
			},
			"Pelvis": {
				"translate": [
					{ "time": 0, "x": 0, "y": -11.76 },
					{
						"time": 0.1333,
						"x": 0,
						"y": 97.52,
						"curve": [ 0.35, 0, 0.902, 0.53 ]
					},
					{
						"time": 0.2667,
						"x": 0,
						"y": -11.76,
						"curve": [ 0.18, 0.52, 0.75, 1 ]
					},
					{
						"time": 0.4,
						"x": 0,
						"y": 97.52,
						"curve": [ 0.35, 0, 0.902, 0.53 ]
					},
					{ "time": 0.5333, "x": 0, "y": -11.76 }
				]
			},
			"HandRight": {
				"rotate": [
					{ "time": 0, "angle": -61.62 },
					{ "time": 0.2667, "angle": -66.14 },
					{ "time": 0.5333, "angle": -61.62 }
				]
			},
			"Head": {
				"translate": [
					{ "time": 0, "x": 0, "y": 0 },
					{ "time": 0.1333, "x": -14.09, "y": -0.38 },
					{ "time": 0.2667, "x": 9.39, "y": 0.25 },
					{ "time": 0.4, "x": -13.4, "y": -0.43 },
					{ "time": 0.5333, "x": 0, "y": 0 }
				]
			},
			"Weapon": {
				"rotate": [
					{ "time": 0, "angle": 320.08 },
					{ "time": 0.5333, "angle": -39.92 }
				],
				"translate": [
					{ "time": 0, "x": 5.6, "y": -4.8 }
				]
			},
			"CalfLeft": {
				"rotate": [
					{ "time": 0, "angle": 36.18 },
					{ "time": 0.1333, "angle": 47.16 },
					{ "time": 0.1667, "angle": 64.24 },
					{ "time": 0.2667, "angle": 28.04 },
					{ "time": 0.4, "angle": 4.07 },
					{ "time": 0.5333, "angle": 36.18 }
				],
				"translate": [
					{ "time": 0, "x": 0, "y": 0 },
					{ "time": 0.1333, "x": -40.4, "y": -18.56 },
					{ "time": 0.1667, "x": -33.46, "y": -14.99 },
					{ "time": 0.2667, "x": -12.63, "y": -4.27 },
					{ "time": 0.4, "x": 0, "y": 0 }
				],
				"scale": [
					{ "time": 0, "x": 1.026, "y": 1 },
					{ "time": 0.1333, "x": 0.735, "y": 1 },
					{ "time": 0.2667, "x": 0.926, "y": 1 },
					{ "time": 0.4, "x": 1, "y": 1 },
					{ "time": 0.5333, "x": 1.026, "y": 1 }
				]
			}
		},
		"events": [
			{ "time": 0.1667, "name": "Footstep" },
			{ "time": 0.4333, "name": "Footstep" }
		]
	},
	"RunSideBackwardStart": {
		"bones": {
			"Head": {
				"translate": [
					{ "time": 0.3333, "x": 0, "y": 0 },
					{ "time": 0.4667, "x": -13.4, "y": -0.43 }
				]
			},
			"FootLeft": {
				"rotate": [
					{ "time": 0, "angle": 0 },
					{ "time": 0.3333, "angle": -3.87 },
					{ "time": 0.4667, "angle": 8.65 }
				],
				"scale": [
					{ "time": 0, "x": 1, "y": 1 },
					{ "time": 0.3333, "x": 1.054, "y": 1.137 }
				]
			},
			"Pelvis": {
				"translate": [
					{ "time": 0, "x": 0, "y": 0 },
					{ "time": 0.3333, "x": 0, "y": -11.76 },
					{ "time": 0.4667, "x": 0, "y": 97.52 }
				]
			},
			"Torso": {
				"rotate": [
					{ "time": 0, "angle": 0 },
					{ "time": 0.1667, "angle": 7.05 },
					{ "time": 0.3333, "angle": 0 },
					{ "time": 0.4667, "angle": 4.5 }
				]
			},
			"HipRight": {
				"rotate": [
					{ "time": 0, "angle": -10.64 },
					{ "time": 0.3333, "angle": -27.82 },
					{ "time": 0.4667, "angle": 337.06 }
				],
				"translate": [
					{ "time": 0, "x": 0, "y": 0 },
					{ "time": 0.3333, "x": 18.92, "y": -0.9 }
				],
				"scale": [
					{ "time": 0, "x": 1, "y": 1 },
					{ "time": 0.3333, "x": 0.976, "y": 1 },
					{ "time": 0.4667, "x": 0.995, "y": 1 }
				]
			},
			"UpperArmRight": {
				"rotate": [
					{ "time": 0, "angle": 0 },
					{ "time": 0.3333, "angle": 11.05 }
				]
			},
			"HipLeft": {
				"rotate": [
					{ "time": 0, "angle": 0 },
					{ "time": 0.3333, "angle": -40.88 },
					{ "time": 0.4667, "angle": 351.19 }
				],
				"translate": [
					{ "time": 0, "x": 0, "y": 0 },
					{ "time": 0.3333, "x": -18.92, "y": 0.9 }
				],
				"scale": [
					{ "time": 0, "x": 1, "y": 1 },
					{ "time": 0.3333, "x": 1.037, "y": 1 },
					{ "time": 0.4667, "x": 1.057, "y": 1 }
				]
			},
			"HandRight": {
				"rotate": [
					{ "time": 0, "angle": 0 },
					{ "time": 0.3333, "angle": -39.68 }
				]
			},
			"LowerArmRight": {
				"rotate": [
					{ "time": 0, "angle": 0 },
					{ "time": 0.3333, "angle": -83.38 }
				]
			},
			"LowerArmLeft": {
				"rotate": [
					{ "time": 0, "angle": 0 },
					{ "time": 0.3333, "angle": -23.04 }
				]
			},
			"FootRight": {
				"rotate": [
					{ "time": 0, "angle": 0 },
					{ "time": 0.3333, "angle": 31.68 }
				],
				"scale": [
					{ "time": 0, "x": 1, "y": 1 },
					{ "time": 0.3333, "x": 1.141, "y": 1.269 }
				]
			},
			"Weapon": {
				"rotate": [
					{ "time": 0, "angle": 330.5, "curve": "stepped" },
					{ "time": 0.3333, "angle": -47.07 }
				],
				"translate": [
					{ "time": 0, "x": 0.71, "y": -4.96, "curve": "stepped" },
					{ "time": 0.3333, "x": 38.58, "y": 51.81 }
				]
			},
			"CalfLeft": {
				"rotate": [
					{ "time": 0, "angle": 0 },
					{ "time": 0.3333, "angle": 36.18 },
					{ "time": 0.4667, "angle": 4.07 }
				],
				"scale": [
					{ "time": 0, "x": 1, "y": 1 },
					{ "time": 0.3333, "x": 1.026, "y": 1 },
					{ "time": 0.4667, "x": 1, "y": 1 }
				]
			},
			"CalfRight": {
				"rotate": [
					{ "time": 0, "angle": 3 },
					{ "time": 0.3333, "angle": 39.65 },
					{ "time": 0.4667, "angle": 72.97 }
				],
				"translate": [
					{ "time": 0, "x": 0, "y": 0 },
					{ "time": 0.3333, "x": -11.24, "y": 8.31 },
					{ "time": 0.4667, "x": -24.63, "y": -1.66 }
				],
				"scale": [
					{ "time": 0, "x": 1, "y": 1 },
					{ "time": 0.3333, "x": 0.813, "y": 1 },
					{ "time": 0.4667, "x": 0.834, "y": 1 }
				]
			},
			"HandLeft": {
				"rotate": [
					{ "time": 0, "angle": 0 },
					{ "time": 0.3333, "angle": 16.39 }
				]
			},
			"UpperArmLeft": {
				"rotate": [
					{ "time": 0, "angle": 0 },
					{ "time": 0.3333, "angle": 0.9 }
				]
			},
			"Neck": {
				"rotate": [
					{ "time": 0.3333, "angle": 0 },
					{ "time": 0.4667, "angle": -4.15 }
				]
			}
		}
	},
	"RunSideStart": {
		"bones": {
			"Head": {
				"translate": [
					{ "time": 0.3333, "x": 0, "y": 0 },
					{ "time": 0.4667, "x": -13.4, "y": -0.43 }
				]
			},
			"FootLeft": {
				"rotate": [
					{ "time": 0, "angle": 0 },
					{ "time": 0.3333, "angle": -3.87 },
					{ "time": 0.4667, "angle": 8.65 }
				],
				"scale": [
					{ "time": 0, "x": 1, "y": 1 },
					{ "time": 0.3333, "x": 1.054, "y": 1.137 }
				]
			},
			"Pelvis": {
				"translate": [
					{ "time": 0, "x": 0, "y": 0 },
					{ "time": 0.3333, "x": 0, "y": -11.76 },
					{ "time": 0.4667, "x": 0, "y": 97.52 }
				]
			},
			"Torso": {
				"rotate": [
					{ "time": 0, "angle": 0 },
					{ "time": 0.1667, "angle": 7.05 },
					{ "time": 0.3333, "angle": 0 },
					{ "time": 0.4667, "angle": 4.5 }
				]
			},
			"HipRight": {
				"rotate": [
					{ "time": 0, "angle": -10.64 },
					{ "time": 0.3333, "angle": -27.82 },
					{ "time": 0.4667, "angle": 337.06 }
				],
				"translate": [
					{ "time": 0, "x": 0, "y": 0 },
					{ "time": 0.3333, "x": 18.92, "y": -0.9 }
				],
				"scale": [
					{ "time": 0, "x": 1, "y": 1 },
					{ "time": 0.3333, "x": 0.976, "y": 1 },
					{ "time": 0.4667, "x": 0.995, "y": 1 }
				]
			},
			"UpperArmRight": {
				"rotate": [
					{ "time": 0, "angle": 0 },
					{ "time": 0.3333, "angle": 11.05 }
				]
			},
			"HipLeft": {
				"rotate": [
					{ "time": 0, "angle": 0 },
					{ "time": 0.3333, "angle": -40.88 },
					{ "time": 0.4667, "angle": 351.19 }
				],
				"translate": [
					{ "time": 0, "x": 0, "y": 0 },
					{ "time": 0.3333, "x": -18.92, "y": 0.9 }
				],
				"scale": [
					{ "time": 0, "x": 1, "y": 1 },
					{ "time": 0.3333, "x": 1.037, "y": 1 },
					{ "time": 0.4667, "x": 1.057, "y": 1 }
				]
			},
			"HandRight": {
				"rotate": [
					{ "time": 0, "angle": 0 },
					{ "time": 0.3333, "angle": -39.68 }
				]
			},
			"LowerArmRight": {
				"rotate": [
					{ "time": 0, "angle": 0 },
					{ "time": 0.3333, "angle": -83.38 }
				]
			},
			"LowerArmLeft": {
				"rotate": [
					{ "time": 0, "angle": 0 },
					{ "time": 0.3333, "angle": -23.04 }
				]
			},
			"FootRight": {
				"rotate": [
					{ "time": 0, "angle": 0 },
					{ "time": 0.3333, "angle": 31.68 }
				],
				"scale": [
					{ "time": 0, "x": 1, "y": 1 },
					{ "time": 0.3333, "x": 1.141, "y": 1.269 }
				]
			},
			"Weapon": {
				"rotate": [
					{ "time": 0, "angle": 330.5, "curve": "stepped" },
					{ "time": 0.3333, "angle": -47.07 }
				],
				"translate": [
					{ "time": 0, "x": 0.71, "y": -4.96, "curve": "stepped" },
					{ "time": 0.3333, "x": 38.58, "y": 51.81 }
				]
			},
			"CalfLeft": {
				"rotate": [
					{ "time": 0, "angle": 0 },
					{ "time": 0.3333, "angle": 36.18 },
					{ "time": 0.4667, "angle": 4.07 }
				],
				"scale": [
					{ "time": 0, "x": 1, "y": 1 },
					{ "time": 0.3333, "x": 1.026, "y": 1 },
					{ "time": 0.4667, "x": 1, "y": 1 }
				]
			},
			"CalfRight": {
				"rotate": [
					{ "time": 0, "angle": 3 },
					{ "time": 0.3333, "angle": 39.65 },
					{ "time": 0.4667, "angle": 72.97 }
				],
				"translate": [
					{ "time": 0, "x": 0, "y": 0 },
					{ "time": 0.3333, "x": -11.24, "y": 8.31 },
					{ "time": 0.4667, "x": -24.63, "y": -1.66 }
				],
				"scale": [
					{ "time": 0, "x": 1, "y": 1 },
					{ "time": 0.3333, "x": 0.813, "y": 1 },
					{ "time": 0.4667, "x": 0.834, "y": 1 }
				]
			},
			"HandLeft": {
				"rotate": [
					{ "time": 0, "angle": 0 },
					{ "time": 0.3333, "angle": 16.39 }
				]
			},
			"UpperArmLeft": {
				"rotate": [
					{ "time": 0, "angle": 0 },
					{ "time": 0.3333, "angle": 0.9 }
				]
			},
			"Neck": {
				"rotate": [
					{ "time": 0.3333, "angle": 0 },
					{ "time": 0.4667, "angle": -4.15 }
				]
			}
		}
	},
	"RunUp": {
		"bones": {
			"HipLeft": {
				"rotate": [
					{ "time": 0, "angle": -40.88 },
					{ "time": 0.1333, "angle": 345.84 },
					{ "time": 0.2667, "angle": -14.16 },
					{ "time": 0.4, "angle": 351.19 },
					{ "time": 0.5333, "angle": -40.88 }
				],
				"translate": [
					{ "time": 0, "x": -18.92, "y": 0.9 },
					{ "time": 0.1333, "x": -9.46, "y": 0.45, "curve": "stepped" },
					{ "time": 0.2667, "x": -9.46, "y": 0.45 },
					{ "time": 0.4, "x": -18.92, "y": 0.9 }
				],
				"scale": [
					{ "time": 0, "x": 1.037, "y": 1 },
					{ "time": 0.1333, "x": 1.07, "y": 1 },
					{ "time": 0.2667, "x": 0.873, "y": 1 },
					{ "time": 0.4, "x": 1.057, "y": 1 },
					{ "time": 0.5333, "x": 1.037, "y": 1 }
				]
			},
			"CalfLeft": {
				"rotate": [
					{ "time": 0, "angle": 36.18 },
					{ "time": 0.1333, "angle": 47.16 },
					{ "time": 0.2667, "angle": 28.04 },
					{ "time": 0.4, "angle": 4.07 },
					{ "time": 0.5333, "angle": 36.18 }
				],
				"translate": [
					{ "time": 0, "x": 0, "y": 0 },
					{ "time": 0.1333, "x": -40.4, "y": -18.56 },
					{ "time": 0.2667, "x": -15.87, "y": -0.76 },
					{ "time": 0.4, "x": 0, "y": 0 }
				],
				"scale": [
					{ "time": 0, "x": 1.026, "y": 1 },
					{ "time": 0.1333, "x": 0.735, "y": 1 },
					{ "time": 0.2667, "x": 0.926, "y": 1 },
					{ "time": 0.4, "x": 1, "y": 1 },
					{ "time": 0.5333, "x": 1.026, "y": 1 }
				]
			},
			"HipRight": {
				"rotate": [
					{ "time": 0, "angle": -27.82 },
					{ "time": 0.1333, "angle": 327.29 },
					{ "time": 0.2667, "angle": -49.26 },
					{ "time": 0.4, "angle": 337.06 },
					{ "time": 0.5333, "angle": -27.82 }
				],
				"translate": [
					{ "time": 0, "x": 18.92, "y": -0.9 },
					{ "time": 0.1333, "x": -7.09, "y": 0.34, "curve": "stepped" },
					{ "time": 0.2667, "x": -7.09, "y": 0.34 },
					{ "time": 0.4, "x": 18.92, "y": -0.9 }
				],
				"scale": [
					{ "time": 0, "x": 0.976, "y": 1 },
					{ "time": 0.1333, "x": 1.16, "y": 1 },
					{ "time": 0.2667, "x": 0.904, "y": 1 },
					{ "time": 0.4, "x": 0.995, "y": 1 },
					{ "time": 0.5333, "x": 0.976, "y": 1 }
				]
			},
			"CalfRight": {
				"rotate": [
					{ "time": 0, "angle": 39.87 },
					{ "time": 0.1333, "angle": 21.28 },
					{ "time": 0.2667, "angle": 39.19 },
					{ "time": 0.4, "angle": 72.97 },
					{ "time": 0.5333, "angle": 39.87 }
				],
				"translate": [
					{ "time": 0, "x": -7.78, "y": -0.3 },
					{ "time": 0.1333, "x": 8.2, "y": 5.41 },
					{ "time": 0.2667, "x": 0, "y": 0 },
					{ "time": 0.4, "x": -24.63, "y": -1.66 },
					{ "time": 0.5333, "x": -7.78, "y": -0.3 }
				],
				"scale": [
					{ "time": 0, "x": 0.813, "y": 1 },
					{ "time": 0.1333, "x": 0.934, "y": 1 },
					{ "time": 0.2667, "x": 0.967, "y": 1 },
					{ "time": 0.4, "x": 0.834, "y": 1 },
					{ "time": 0.5333, "x": 0.813, "y": 1 }
				]
			},
			"Pelvis": {
				"translate": [
					{
						"time": 0,
						"x": 0,
						"y": -11.76,
						"curve": [ 0.214, 0.44, 0.75, 1 ]
					},
					{
						"time": 0.1333,
						"x": 0,
						"y": 94.34,
						"curve": [ 0.259, 0.01, 0.784, 0.58 ]
					},
					{
						"time": 0.2667,
						"x": 0,
						"y": -11.76,
						"curve": [ 0.214, 0.44, 0.75, 1 ]
					},
					{
						"time": 0.4,
						"x": 0,
						"y": 94.34,
						"curve": [ 0.259, 0.01, 0.784, 0.58 ]
					},
					{ "time": 0.5333, "x": 0, "y": -11.76 }
				]
			},
			"Head": {
				"translate": [
					{ "time": 0, "x": 0, "y": 0 },
					{ "time": 0.1333, "x": -13.4, "y": -0.43 },
					{ "time": 0.2667, "x": 9.39, "y": 0.25 },
					{ "time": 0.4, "x": -14.09, "y": -0.38 },
					{ "time": 0.5333, "x": 0, "y": 0 }
				]
			},
			"UpperArmLeft": {
				"rotate": [
					{ "time": 0, "angle": 0.9 },
					{ "time": 0.2667, "angle": -39.37 },
					{ "time": 0.5333, "angle": 0.9 }
				]
			},
			"LowerArmLeft": {
				"rotate": [
					{ "time": 0, "angle": -23.04 },
					{ "time": 0.2667, "angle": -29.22 },
					{ "time": 0.5333, "angle": -23.04 }
				]
			},
			"HandLeft": {
				"rotate": [
					{ "time": 0, "angle": 16.39 },
					{ "time": 0.2667, "angle": 22.92 },
					{ "time": 0.5333, "angle": 16.39 }
				]
			},
			"LowerArmRight": {
				"rotate": [
					{ "time": 0, "angle": -83.38 },
					{ "time": 0.2667, "angle": -32.56 },
					{ "time": 0.5333, "angle": -83.38 }
				]
			},
			"UpperArmRight": {
				"rotate": [
					{ "time": 0, "angle": 11.05 },
					{ "time": 0.2667, "angle": 28.32 },
					{ "time": 0.5333, "angle": 11.05 }
				]
			},
			"HandRight": {
				"rotate": [
					{ "time": 0, "angle": -37.66 },
					{ "time": 0.2667, "angle": -66.14 },
					{ "time": 0.5333, "angle": -61.62 }
				]
			},
			"Torso": {
				"rotate": [
					{ "time": 0, "angle": 0 },
					{ "time": 0.1333, "angle": 4.5 },
					{ "time": 0.2667, "angle": 0 },
					{ "time": 0.4, "angle": 4.5 },
					{ "time": 0.5333, "angle": 0 }
				]
			},
			"Neck": {
				"rotate": [
					{ "time": 0, "angle": 0 },
					{ "time": 0.1333, "angle": -4.15 },
					{ "time": 0.2667, "angle": 0 },
					{ "time": 0.4, "angle": -4.15 },
					{ "time": 0.5333, "angle": 0 }
				]
			},
			"FootRight": {
				"rotate": [
					{ "time": 0, "angle": 31.68 },
					{ "time": 0.1333, "angle": 1.29 },
					{ "time": 0.2667, "angle": -4.45 },
					{ "time": 0.4, "angle": 6.91 },
					{ "time": 0.5333, "angle": 31.68 }
				],
				"scale": [
					{ "time": 0, "x": 1.141, "y": 1.269, "curve": "stepped" },
					{ "time": 0.1333, "x": 1.141, "y": 1.269 },
					{ "time": 0.2667, "x": 1.004, "y": 1.122, "curve": "stepped" },
					{ "time": 0.4, "x": 1.004, "y": 1.122 },
					{ "time": 0.5333, "x": 1.141, "y": 1.269 }
				]
			},
			"FootLeft": {
				"rotate": [
					{ "time": 0, "angle": -3.87 },
					{ "time": 0.1333, "angle": 8.65 },
					{ "time": 0.2667, "angle": 7.03 },
					{ "time": 0.4, "angle": 1.26 },
					{ "time": 0.5333, "angle": -3.87 }
				],
				"scale": [
					{ "time": 0, "x": 1.054, "y": 1.137, "curve": "stepped" },
					{ "time": 0.1333, "x": 1.054, "y": 1.137 },
					{ "time": 0.2667, "x": 1.272, "y": 1.331 },
					{ "time": 0.4, "x": 1.196, "y": 1.331 },
					{ "time": 0.5333, "x": 1.054, "y": 1.137 }
				]
			},
			"Weapon": {
				"rotate": [
					{ "time": 0, "angle": -35.79, "curve": "stepped" },
					{ "time": 0.5333, "angle": 324.21 }
				],
				"translate": [
					{ "time": 0, "x": 3.06, "y": 2.3 }
				]
			}
		},
		"events": [
			{ "time": 0.1, "name": "Footstep" },
			{ "time": 0.3667, "name": "Footstep" }
		]
	},
	"RunUpStart": {
		"bones": {
			"HipLeft": {
				"rotate": [
					{ "time": 0, "angle": 0 },
					{ "time": 0.3333, "angle": -40.88 }
				],
				"translate": [
					{ "time": 0, "x": 0, "y": 0 },
					{ "time": 0.3333, "x": -18.92, "y": 0.9 }
				],
				"scale": [
					{ "time": 0, "x": 1, "y": 1 },
					{ "time": 0.3333, "x": 1.037, "y": 1 }
				]
			},
			"CalfLeft": {
				"rotate": [
					{ "time": 0, "angle": 0 },
					{ "time": 0.3333, "angle": 36.18 }
				],
				"scale": [
					{ "time": 0, "x": 1, "y": 1 },
					{ "time": 0.3333, "x": 1.026, "y": 1 }
				]
			},
			"HipRight": {
				"rotate": [
					{ "time": 0, "angle": -10.64 },
					{ "time": 0.3333, "angle": -27.82 }
				],
				"translate": [
					{ "time": 0, "x": 0, "y": 0 },
					{ "time": 0.3333, "x": 18.92, "y": -0.9 }
				],
				"scale": [
					{ "time": 0, "x": 1, "y": 1 },
					{ "time": 0.3333, "x": 0.976, "y": 1 }
				]
			},
			"CalfRight": {
				"rotate": [
					{ "time": 0, "angle": 3 },
					{ "time": 0.3333, "angle": 39.65 }
				],
				"translate": [
					{ "time": 0, "x": 0, "y": 0 },
					{ "time": 0.3333, "x": -6.26, "y": 5.4 }
				],
				"scale": [
					{ "time": 0, "x": 1, "y": 1 },
					{ "time": 0.3333, "x": 0.813, "y": 1 }
				]
			},
			"Pelvis": {
				"translate": [
					{ "time": 0, "x": 0, "y": 0 },
					{ "time": 0.3333, "x": 0, "y": -11.76 }
				]
			},
			"UpperArmLeft": {
				"rotate": [
					{ "time": 0, "angle": 0 },
					{ "time": 0.3333, "angle": 0.9 }
				]
			},
			"LowerArmLeft": {
				"rotate": [
					{ "time": 0, "angle": 0 },
					{ "time": 0.3333, "angle": -23.04 }
				]
			},
			"HandLeft": {
				"rotate": [
					{ "time": 0, "angle": 0 },
					{ "time": 0.3333, "angle": 16.39 }
				]
			},
			"LowerArmRight": {
				"rotate": [
					{ "time": 0, "angle": 0 },
					{ "time": 0.3333, "angle": -83.38 }
				]
			},
			"UpperArmRight": {
				"rotate": [
					{ "time": 0, "angle": 0 },
					{ "time": 0.3333, "angle": 11.05 }
				]
			},
			"HandRight": {
				"rotate": [
					{ "time": 0, "angle": 0 },
					{ "time": 0.3333, "angle": -61.62 }
				]
			},
			"Torso": {
				"rotate": [
					{ "time": 0, "angle": 0 },
					{ "time": 0.1667, "angle": -3.01 },
					{ "time": 0.3333, "angle": 0 }
				]
			},
			"FootRight": {
				"rotate": [
					{ "time": 0, "angle": 0 },
					{ "time": 0.3333, "angle": 31.68 }
				],
				"scale": [
					{ "time": 0, "x": 1, "y": 1 },
					{ "time": 0.3333, "x": 1.141, "y": 1.269 }
				]
			},
			"FootLeft": {
				"rotate": [
					{ "time": 0, "angle": 0 },
					{ "time": 0.3333, "angle": -3.87 }
				],
				"scale": [
					{ "time": 0, "x": 1, "y": 1 },
					{ "time": 0.3333, "x": 1.054, "y": 1.137 }
				]
			},
			"Weapon": {
				"rotate": [
					{ "time": 0, "angle": -29.5, "curve": "stepped" },
					{ "time": 0.3333, "angle": -47.07 }
				],
				"translate": [
					{ "time": 0, "x": 0.71, "y": -4.96, "curve": "stepped" },
					{ "time": 0.3333, "x": 38.58, "y": 51.81 }
				]
			}
		}
	}
}
}